portainer_templates, https://raw.githubusercontent.com/portainer/templates/v3/templates.json, https://github.com/portainer/templates/, collection
technorabilia_templates, https://raw.githubusercontent.com/technorabilia/portainer-templates/main/lsio/templates/templates.json, https://github.com/technorabilia/portainer-templates/, collection
xneo1_templates, https://raw.githubusercontent.com/xneo1/portainer_templates/master/Template/template.json, https://github.com/xneo1/portainer_templates/, collection
mediadepot_templates, https://raw.githubusercontent.com/mediadepot/templates/master/portainer.json, https://github.com/mediadepot/templates/, collection
novaspirit_templates, https://raw.githubusercontent.com/novaspirit/pi-hosted/master/pi-hosted_template/template/portainer-v2.json, https://github.com/novaspirit/pi-hosted/, collection
qballjos_templates, https://raw.githubusercontent.com/Qballjos/portainer_templates/master/Template/template.json, https://github.com/Qballjos/portainer_templates/, collection
shmolf_templates, https://raw.githubusercontent.com/shmolf/portainer-templates/main/templates-2.0.json, https://github.com/shmolf/portainer-templates/, collection
mikestraney_templates, https://raw.githubusercontent.com/mikestraney/portainer-templates/master/templates.json, https://github.com/mikestraney/portainer-templates/, collection
selfhostedpro_templates, https://raw.githubusercontent.com/SelfhostedPro/selfhosted_templates/portainer-2.0/Template/template.json, https://github.com/SelfhostedPro/selfhosted_templates/, collection
dnburgess_templates, https://raw.githubusercontent.com/dnburgess/self-hosted-template/master/template.json, https://github.com/dnburgess/self-hosted-template/, collection
deployable_sh_templates, https://deployable.sh/portainer/templates.json, https://github.com/deployable-sh/stacks/, collection
homedex, https://raw.githubusercontent.com/HarshShah0203/homedex/main/portainer-template.json, https://github.com/HarshShah0203/homedex/, app
replayhaven, https://raw.githubusercontent.com/SauerExe/ReplayHaven/main/portainer-template.json, https://github.com/SauerExe/ReplayHaven/, app
ai-marketplace-monitor, https://raw.githubusercontent.com/BoPeng/ai-marketplace-monitor/main/deploy/portainer/templates.json, https://github.com/BoPeng/ai-marketplace-monitor/, app
